timestamp,open,high,low,close,adjusted close,volume,dividend amount
2018-01-19,90.1000,90.7900,88.0104,90.0000,90.0000,118433167,0.0000
2018-01-12,88.2000,89.7800,87.2400,89.6000,89.6000,98343817,0.0000
2018-01-05,86.1250,88.4100,85.5000,88.1900,88.1900,89838713,0.0000
2017-12-29,85.3100,86.0500,85.0300,85.5400,85.5400,50773814,0.0000
2017-12-22,87.1200,87.4999,84.7100,85.5100,85.5100,98890443,0.0000
2017-12-15,84.2900,87.0900,84.1200,86.8500,86.8500,136262249,0.0000
2017-12-08,84.4200,84.5800,80.7000,84.1600,84.1600,132514425,0.0000
2017-12-01,83.3100,85.0600,83.1750,84.2600,84.2600,128510609,0.0000
2017-11-24,82.4000,83.9000,82.2500,83.2600,83.2600,64949156,0.0000
2017-11-17,83.6600,84.1000,82.2400,82.4000,82.4000,94156894,0.4200
2017-11-10,84.2000,84.9000,82.9000,83.8700,83.4476,94491207,0.0000
2017-11-03,83.7000,84.5400,82.8800,84.1400,83.7163,121452467,0.0000
2017-10-27,78.9900,86.2000,78.0100,83.8100,83.3879,156867173,0.0000
2017-10-20,77.4200,78.9700,77.2500,78.8100,78.4131,78931157,0.0000
2017-10-13,75.9700,77.8700,75.8600,77.4900,77.0998,71908474,0.0000
2017-10-06,74.7100,76.1200,73.7100,76.0000,75.6173,74782566,0.0000
2017-09-29,74.0900,74.5400,72.9200,74.4900,74.1149,87056437,0.0000
2017-09-22,75.2300,75.9700,73.8500,74.4100,74.0353,91761244,0.0000
2017-09-15,74.3100,75.4900,74.0700,75.3100,74.9307,97705887,0.0000
2017-09-08,73.3400,74.6000,72.9800,73.9800,73.6074,69017636,0.0000
2017-09-01,73.0600,74.9600,72.0500,73.9400,73.5676,90545558,0.0000
2017-08-25,72.4700,73.3500,71.7000,72.8200,72.4533,73981293,0.0000
2017-08-18,73.0600,74.1000,71.9300,72.4900,72.1249,95411795,0.3900
2017-08-11,72.8000,73.1300,71.2800,72.5000,71.7527,104828725,0.0000
2017-08-04,73.3000,73.4400,71.4400,72.6800,71.9309,109134465,0.0000
2017-07-28,73.5300,74.4200,72.3200,73.0400,72.2871,111200086,0.0000
2017-07-21,72.8000,74.3000,72.6600,73.7900,73.0294,148878177,0.0000
2017-07-14,69.4600,73.2700,69.2000,72.7800,72.0298,95004977,0.0000
2017-07-07,69.3300,69.8400,68.0200,69.4600,68.7440,73013732,0.0000
2017-06-30,71.4000,71.7100,68.0900,68.9300,68.2195,120667642,0.0000
2017-06-23,70.5000,71.2500,69.7100,71.2100,70.4760,108512334,0.0000
2017-06-16,69.2500,71.1000,68.1300,70.0000,69.2785,170063923,0.0000
2017-06-09,71.9700,72.8900,68.5900,70.3200,69.5952,155224472,0.0000
2017-06-02,69.7900,71.8600,69.4500,71.7600,71.0203,102092670,0.0000
2017-05-26,67.8900,70.2200,67.5000,69.9600,69.2389,86602544,0.0000
2017-05-19,68.1400,69.4400,67.1400,67.6900,66.9923,145206491,0.3900
2017-05-12,68.9700,69.5600,68.0400,68.3800,67.2970,103664709,0.0000
2017-05-05,68.6800,69.7100,68.4900,69.0000,67.9072,123335404,0.0000
2017-04-28,67.4800,69.1400,67.1000,68.4600,67.3758,156408932,0.0000
2017-04-21,65.0400,66.7000,64.8900,66.4000,65.3484,113659769,0.0000
2017-04-13,65.6100,65.8600,64.8500,64.9500,63.9214,71749271,0.0000
2017-04-07,65.8100,66.3500,65.1900,65.6800,64.6398,87039641,0.0000
2017-03-31,64.6300,66.1900,64.3500,65.8600,64.8170,88476598,0.0000
2017-03-24,64.9100,65.5000,64.1200,64.9800,63.9509,103804886,0.0000
2017-03-17,65.0100,65.2400,64.1500,64.8700,63.8426,129108029,0.0000
2017-03-10,63.9700,65.2600,63.8100,64.9300,63.9017,98167226,0.0000
2017-03-03,64.5400,64.9900,63.6200,64.2500,63.2325,108727793,0.0000
2017-02-24,64.6100,64.9500,64.0500,64.6200,63.5966,82018448,0.0000
2017-02-17,64.2400,65.2400,64.0200,64.6200,63.5966,104828847,0.3900
2017-02-10,63.5000,64.4400,63.1400,64.0000,62.6083,98985116,0.0000
2017-02-03,65.6900,65.7900,62.7500,63.6800,62.2952,172722294,0.0000
2017-01-27,62.7000,65.9100,62.5700,65.7800,64.3496,160798071,0.0000
2017-01-20,62.6800,62.9800,62.0300,62.7400,61.3757,88999202,0.0000
2017-01-13,62.7600,63.4000,61.9500,62.7000,61.3365,100883602,0.0000
2017-01-06,62.7900,63.1500,62.0300,62.8400,61.4735,86832957,0.0000
2016-12-30,63.2100,64.0700,62.0300,62.1400,60.7887,62247011,0.0000
2016-12-23,62.5600,64.1000,62.4200,63.2400,61.8648,112043306,0.0000
2016-12-16,61.8200,63.4500,61.7200,62.3000,60.9452,156392554,0.0000
2016-12-09,59.7000,61.9900,59.5600,61.9700,60.6224,122838771,0.0000
2016-12-02,60.3400,61.4100,58.8000,59.2500,57.9616,137812561,0.0000
2016-11-25,60.5000,61.2600,60.1300,60.5300,59.2137,73117824,0.0000
2016-11-18,59.0200,61.1400,57.2800,60.3500,59.0376,164384062,0.3900
2016-11-11,59.7800,60.7800,57.6302,59.0200,57.3566,200822869,0.0000
2016-11-04,60.1600,60.4200,58.5200,58.7100,57.0553,123412131,0.0000
2016-10-28,59.9400,61.3699,59.5800,59.8700,58.1826,181170290,0.0000
2016-10-21,57.3600,60.4500,56.6600,59.6600,57.9785,195345767,0.0000
2016-10-14,57.9100,58.3900,56.3150,57.4200,55.8017,119587590,0.0000
2016-10-07,57.4050,57.9800,56.9700,57.8000,56.1710,92303431,0.0000
2016-09-30,57.0800,58.1679,56.6810,57.6000,55.9766,125664515,0.0000
2016-09-23,57.2700,58.0000,56.7500,57.4300,55.8114,111805897,0.0000
2016-09-16,56.0000,57.6300,55.6100,57.2500,55.6365,155377027,0.0000
2016-09-09,57.7800,57.8400,56.2100,56.2100,54.6258,89031792,0.0000
2016-09-02,58.1800,58.6000,57.0100,57.6700,56.0446,99183513,0.0000
2016-08-26,57.6000,58.7000,57.2600,58.0300,56.3945,91629582,0.0000
2016-08-19,58.0100,58.5000,57.2000,57.6200,55.9960,90149203,0.3600
2016-08-12,58.0550,58.5000,57.6200,57.9400,55.9563,91968595,0.0000
2016-08-05,56.6000,58.2100,56.1400,57.9600,55.9756,139123963,0.0000
2016-07-29,56.4700,57.2900,55.7200,56.6800,54.7395,154126188,0.0000
2016-07-22,53.7000,56.8400,52.9300,56.5700,54.6332,239597518,0.0000
2016-07-15,52.5000,54.0000,52.4700,53.7000,51.8615,131513504,0.0000
2016-07-08,50.8300,52.3600,50.3900,52.3000,50.5094,100950032,0.0000
2016-07-01,49.1000,51.7200,48.0350,51.1600,49.4084,169949551,0.0000
2016-06-24,50.6400,52.0600,49.5200,49.8300,48.1240,261054437,0.0000
2016-06-17,49.5800,50.7150,49.0600,50.1300,48.4137,236451710,0.0000
2016-06-10,51.9900,52.7300,51.0400,51.4800,49.7175,106398294,0.0000
2016-06-03,52.2600,53.0000,51.6000,51.7900,50.0169,109186979,0.0000
2016-05-27,50.6000,52.4900,49.9800,52.3200,50.5287,127137891,0.0000
2016-05-20,50.8000,51.9600,49.8200,50.6200,48.8869,120491190,0.3600
2016-05-13,50.4900,51.8950,50.0000,51.0800,48.9821,111576827,0.0000
2016-05-06,50.0000,50.7500,49.4600,50.3900,48.3204,134010358,0.0000
2016-04-29,51.7800,52.3500,49.3500,49.8700,47.8218,201675370,0.0000
2016-04-22,55.4900,56.7700,50.7700,51.7800,49.6533,255321678,0.0000
2016-04-15,54.4900,55.9200,53.7600,55.6500,53.3644,116847337,0.0000
2016-04-08,55.4300,55.6600,54.2100,54.4200,52.1849,100782062,0.0000
2016-04-01,54.2100,55.6400,53.3300,55.5700,53.2877,114717327,0.0000
2016-03-24,53.2500,54.3300,52.9300,54.2100,51.9835,87128846,0.0000
2016-03-18,52.7100,55.0000,52.6300,53.4900,51.2931,172729586,0.0000
2016-03-11,51.5600,53.0700,50.5800,53.0700,50.8903,170419402,0.0000
2016-03-04,51.3500,52.9700,50.6600,52.0300,49.8931,151430418,0.0000
2016-02-26,52.2800,53.0000,50.2000,51.3000,49.1930,149833414,0.0000
2016-02-19,50.9000,52.9500,50.1300,51.8200,49.6917,138815284,0.3600
2016-02-12,49.5500,50.6800,48.1900,50.5000,48.0871,227389820,0.0000
2016-02-05,54.8800,55.0900,49.5600,50.1600,47.7633,267078226,0.0000
2016-01-29,51.9400,55.0900,51.0201,55.0900,52.4577,246509206,0.0000
2016-01-22,51.4800,52.3300,49.1000,52.2900,49.7915,184584477,0.0000
2016-01-15,52.5100,54.0700,50.3400,50.9900,48.5536,264125481,0.0000
2016-01-08,54.3200,55.3900,52.0700,52.3300,49.8296,232695321,0.0000
2015-12-31,55.3500,56.8500,54.9800,55.4800,52.8291,99228262,0.0000
2015-12-24,54.8800,55.9600,54.2262,55.6700,53.0100,102418400,0.0000
2015-12-18,54.3300,56.7900,53.6800,54.1300,51.5436,250317860,0.0000
2015-12-11,55.7900,56.1000,54.0100,54.0600,51.4770,171286323,0.0000
2015-12-04,54.5400,56.2300,53.9300,55.9100,53.2386,226060572,0.0000
2015-11-27,54.2500,54.4600,53.5800,53.9300,51.3532,82850240,0.0000
2015-11-20,53.0800,54.6600,52.8500,54.1900,51.6007,158718818,0.3600
2015-11-13,54.5500,54.8700,52.5300,52.8400,49.9756,196522294,0.0000
2015-11-06,52.8500,54.9800,52.6200,54.9200,51.9428,168289451,0.0000
2015-10-30,52.5300,54.3700,52.5000,52.6400,49.7864,239455823,0.0000
2015-10-23,47.4200,54.0700,47.0200,52.8700,50.0040,277318659,0.0000
2015-10-16,46.9800,47.5400,46.5000,47.5100,44.9345,118094352,0.0000
2015-10-09,45.7450,47.5400,45.7000,47.1100,44.5562,151964927,0.0000
2015-10-02,43.8300,45.5700,43.0500,45.5700,43.0997,163532824,0.0000
2015-09-25,43.6200,44.7300,43.2700,43.9400,41.5581,128698573,0.0000
2015-09-18,43.4300,45.0000,42.8600,43.4800,41.1230,171822261,0.0000
2015-09-11,43.3000,44.4000,42.7450,43.4800,41.1230,124438408,0.0000
2015-09-04,43.7400,43.9800,41.6600,42.6100,40.3002,187226056,0.0000
2015-08-28,40.4500,44.1500,39.7200,43.9300,41.5486,301968189,0.0000
2015-08-21,46.8100,47.4500,43.0700,43.0700,40.7352,182450672,0.3100
2015-08-14,46.9500,47.4900,45.7050,47.0000,44.1626,126616447,0.0000
2015-08-07,46.9800,48.4100,46.2600,46.7400,43.9183,130800424,0.0000
2015-07-31,45.9400,47.4000,44.7900,46.7000,43.8807,185955595,0.0000
2015-07-24,46.6500,47.3300,45.1000,45.9400,43.1666,198833485,0.0000
2015-07-17,44.9750,46.7800,44.9501,46.6200,43.8055,133426984,0.0000
2015-07-10,43.9600,45.2200,43.3200,44.6100,41.9168,157146118,0.0000
2015-07-02,45.0400,45.2300,43.9400,44.4000,41.7195,120123050,0.0000
2015-06-26,46.3300,46.7200,45.0300,45.2600,42.5276,151556711,0.0000
2015-06-19,45.4500,46.8250,45.0201,46.1000,43.3169,185524263,0.0000
2015-06-12,46.3000,46.9200,45.4600,45.9700,43.1947,126223826,0.0000
2015-06-05,47.0600,47.7700,45.8400,46.1400,43.3545,131521410,0.0000
2015-05-29,46.8300,48.0200,46.1900,46.8600,44.0310,112720759,0.0000
2015-05-22,47.9800,48.2200,46.8200,46.9000,44.0686,125890515,0.3100
2015-05-15,47.5500,48.9050,46.4200,48.2950,45.0856,150345879,0.0000
2015-05-08,48.3700,48.8700,46.0200,47.7500,44.5768,205178261,0.0000
2015-05-01,47.2300,49.5400,47.2200,48.6550,45.4217,271446305,0.0000
2015-04-24,41.7300,48.1400,41.6800,47.8700,44.6889,274379045,0.0000
2015-04-17,41.4000,42.4600,41.1600,41.6150,38.8495,146761915,0.0000
2015-04-10,40.3400,41.9500,40.1800,41.7200,38.9476,146532368,0.0000
2015-04-02,41.1000,41.5400,40.1200,40.2900,37.6126,144289679,0.0000
2015-03-27,42.8800,43.1700,40.8300,40.9700,38.2474,167126270,0.0000
2015-03-20,41.4700,42.9800,41.1500,42.8800,40.0305,216925266,0.0000
2015-03-13,42.1900,43.1250,40.6100,41.3800,38.6302,221483208,0.0000
2015-03-06,43.6700,44.1900,42.1500,42.3600,39.5450,148863715,0.0000
2015-02-27,43.7000,44.3000,43.6500,43.8500,40.9360,150315390,0.0000
2015-02-20,43.9700,44.0000,43.0500,43.8550,40.9407,118131959,0.3100
2015-02-13,42.2400,43.8700,42.1800,43.8700,40.6654,172847964,0.0000
2015-02-06,40.5900,42.7900,40.2300,42.4100,39.3121,215214514,0.0000
2015-01-30,47.0000,47.1339,40.3500,40.4000,37.4489,437786778,0.0000
2015-01-23,46.3000,47.3900,45.4800,47.1800,43.7336,137352632,0.0000
2015-01-16,47.4200,47.9100,45.1700,46.2400,42.8623,157088136,0.0000
2015-01-09,46.3700,47.8200,45.4900,47.1900,43.7429,158596624,0.0000
2015-01-02,47.7000,47.7800,46.4500,46.7600,43.3443,80290512,0.0000
2014-12-26,47.7800,48.8000,47.7100,47.8800,44.3825,74863120,0.0000
2014-12-19,47.2000,48.1000,44.9000,47.6600,44.1786,216676750,0.0000
2014-12-12,48.2600,48.3500,46.6700,46.9500,43.5204,144735690,0.0000
2014-12-05,47.8800,49.0600,47.7100,48.4200,44.8831,138158386,0.0000
2014-11-28,47.9900,48.1950,47.2800,47.8100,44.3176,112141541,0.0000
2014-11-21,49.4100,49.7050,47.5700,47.9800,44.4752,144887937,0.3100
2014-11-14,48.6500,50.0450,48.5200,49.5800,45.6679,137829519,0.0000
2014-11-07,46.8900,48.9200,46.7300,48.6800,44.8389,128149243,0.0000
2014-10-31,45.7100,46.9700,45.7100,46.9500,43.2454,155628209,0.0000
2014-10-24,43.0600,46.9000,42.8100,46.1300,42.4901,211077436,0.0000
2014-10-17,43.8200,44.5600,42.1000,43.6300,40.1873,225166061,0.0000
2014-10-10,46.1200,46.8900,43.9500,44.0300,40.5558,165764217,0.0000
2014-10-03,45.9800,46.5600,45.6100,46.0900,42.4532,154785202,0.0000
2014-09-26,47.3000,47.3800,45.7600,46.4100,42.7480,158422366,0.0000
2014-09-19,46.5400,47.5700,46.1000,47.5200,43.7704,341800600,0.0000
2014-09-12,46.0200,47.0200,45.9900,46.6950,43.0105,180738000,0.0000
2014-09-05,45.4300,45.9300,44.5300,45.9100,42.2874,119999500,0.0000
2014-08-29,45.4000,45.4400,44.6100,45.4300,41.8453,91859400,0.0000
2014-08-22,44.9400,45.4700,44.6800,45.1500,41.5874,120367600,0.2800
2014-08-15,43.2600,44.8950,43.0000,44.7900,41.0025,125596700,0.0000
2014-08-08,42.9700,43.4700,42.2100,43.2000,39.5470,144435400,0.0000
2014-08-01,44.3600,44.5100,42.6000,42.8600,39.2357,152076500,0.0000
2014-07-25,44.5600,45.4500,44.2200,44.5000,40.7371,190526100,0.0000
2014-07-18,42.2200,45.7100,42.0300,44.6900,40.9110,239535600,0.0000
2014-07-11,41.7500,42.1200,41.0500,42.0900,38.5309,117554200,0.0000
2014-07-03,42.1700,42.2100,41.5300,41.8000,38.2654,93899900,0.0000
2014-06-27,41.7300,42.2900,41.4300,42.2500,38.6773,163546500,0.0000
2014-06-20,41.0400,41.9100,40.3350,41.6800,38.1555,141414000,0.0000
2014-06-13,41.3900,41.5650,40.2900,41.2300,37.7436,104305800,0.0000
2014-06-06,40.9500,41.6600,39.8600,41.4800,37.9724,115707900,0.0000
2014-05-30,40.2600,40.9700,39.8100,40.9400,37.4781,106327900,0.0000
2014-05-23,39.6100,40.3700,39.4600,40.1200,36.7274,106478800,0.0000
2014-05-16,39.7400,40.5000,39.2700,39.8300,36.4620,136266400,0.2800
2014-05-09,39.5200,39.9000,38.5100,39.5400,35.9475,153085800,0.0000
2014-05-02,40.1400,41.2900,39.6600,39.6900,36.0838,187909100,0.0000
2014-04-25,40.1300,40.6800,39.3000,39.9100,36.2839,173139100,0.0000
2014-04-17,39.1100,40.4150,38.9000,40.0100,36.3748,133280500,0.0000
2014-04-11,39.9600,40.6900,39.0000,39.2090,35.6465,181167900,0.0000
2014-04-04,40.4300,41.6600,39.6400,39.8700,36.2475,189707200,0.0000
2014-03-28,40.3400,40.9900,39.3400,40.3000,36.6384,210110900,0.0000
2014-03-21,37.9000,40.9400,37.7900,40.1600,36.5111,260132300,0.0000
2014-03-14,37.9900,38.4500,37.5058,37.7000,34.2746,134082400,0.0000
2014-03-07,37.9200,38.4800,37.4950,37.9000,34.4565,127213800,0.0000
2014-02-28,37.6900,38.4600,37.1900,38.3100,34.8292,178981800,0.0000
2014-02-21,37.6300,38.3500,37.2100,37.9800,34.5292,128131800,0.2800
2014-02-14,36.6300,37.8600,36.2900,37.6200,33.9479,155003200,0.0000
2014-02-07,37.7400,37.9850,35.6900,36.5600,32.9914,243187700,0.0000
2014-01-31,36.8700,37.8900,35.7500,37.8400,34.1464,261570800,0.0000
2014-01-24,36.8200,37.5500,35.5200,36.8050,33.2125,173821100,0.0000
2014-01-17,35.9900,37.0000,34.6300,36.3800,32.8289,216624000,0.0000
2014-01-10,36.8500,36.8900,35.4000,36.0400,32.5221,216443300,0.0000
2014-01-03,37.2200,37.5800,36.6000,36.9100,33.3072,95561000,0.0000
2013-12-27,36.8100,37.6200,36.5500,37.2900,33.6501,71547500,0.0000
2013-12-20,36.7300,37.1100,35.5300,36.8000,33.2079,237423200,0.0000
2013-12-13,38.5600,38.9000,36.6200,36.6900,33.1087,184046900,0.0000
2013-12-06,38.0900,38.9800,37.1800,38.3600,34.6157,299806100,0.0000
2013-11-29,37.9300,38.2900,37.3500,38.1300,34.4081,113204600,0.0000
2013-11-22,37.3500,37.6800,36.6700,37.5700,33.9028,180829100,0.2800
2013-11-15,37.6900,38.1600,36.9000,37.8410,33.8891,200266700,0.0000
2013-11-08,35.5900,38.2200,35.5500,37.7800,33.8344,265866600,0.0000
2013-11-01,35.6100,35.7900,35.2600,35.5250,31.8149,189030400,0.0000
2013-10-25,34.9800,36.2900,33.5700,35.7300,31.9985,293176200,0.0000
2013-10-18,33.9000,34.9900,33.7800,34.9600,31.3089,183138200,0.0000
2013-10-11,33.6000,34.1400,32.8000,34.1300,30.5656,184873900,0.0000
2013-10-04,33.0000,34.0300,32.7000,33.8800,30.3417,195216900,0.0000
2013-09-27,32.5401,33.7500,32.1500,33.2700,29.7954,193270600,0.0000
2013-09-20,33.3800,33.6800,32.6850,32.7910,29.3665,346587600,0.0000
2013-09-13,31.2208,33.0700,31.2000,33.0300,29.5805,219356400,0.0000
2013-09-06,31.7500,32.0700,30.9500,31.1520,27.8986,443907400,0.0000
2013-08-30,34.4000,34.6700,32.8000,33.4000,29.9119,263641400,0.0000
2013-08-23,31.7600,35.2000,31.3700,34.7500,31.1209,344954900,0.0000
2013-08-16,32.4600,33.3600,30.8400,31.8000,28.4789,179681700,0.2300
2013-08-09,31.9000,33.0700,31.2500,32.7000,29.0775,191229200,0.0000
2013-08-02,31.4700,32.1200,31.4000,31.8900,28.3572,190326400,0.0000
2013-07-26,31.7000,32.1900,31.2050,31.6200,28.1171,299500800,0.0000
2013-07-19,35.6600,36.4299,31.0200,31.4000,27.9215,405781800,0.0000
2013-07-12,34.3500,35.7700,33.9800,35.6700,31.7184,176513700,0.0000
2013-07-05,34.7500,34.9900,33.5810,34.2100,30.4202,110765700,0.0000
2013-06-28,32.9400,34.7900,32.5700,34.5450,30.7181,243386900,0.0000
2013-06-21,34.6900,35.1700,33.0500,33.2650,29.5799,248935000,0.0000
2013-06-14,35.5100,35.6500,34.2500,34.4000,30.5891,211650600,0.0000
2013-06-07,34.9200,35.7800,34.4300,35.6700,31.7184,241183000,0.0000
2013-05-31,34.4200,35.2800,34.4100,34.9000,31.0337,193921000,0.0000
2013-05-24,34.7300,35.2725,33.9000,34.2690,30.4726,253047800,0.0000
2013-05-17,32.6100,34.8700,32.5500,34.8700,31.0071,259251200,0.2300
2013-05-10,33.4200,33.9100,32.3200,32.6900,28.8705,218465000,0.0000
2013-05-03,31.8000,33.5200,31.7700,33.4900,29.5771,281456600,0.0000
2013-04-26,30.2900,32.8400,30.2800,31.7900,28.0757,303603028,0.0000
2013-04-19,28.6500,30.2400,28.5000,29.7650,26.2873,318668200,0.0000
2013-04-12,28.7300,30.3200,28.4700,28.7900,25.4262,377419500,0.0000
2013-04-05,28.6400,28.9500,28.1100,28.7000,25.3467,188910900,0.0000
2013-03-28,28.3000,28.6600,27.9600,28.6050,25.2628,163479500,0.0000
2013-03-22,27.8800,28.4900,27.8100,28.2500,24.9493,195112900,0.0000
2013-03-15,27.9400,28.1600,27.6400,28.0350,24.7594,253601200,0.0000
2013-03-08,27.8500,28.5400,27.7000,28.0000,24.7285,197902700,0.0000
2013-03-01,27.9700,28.0500,27.3300,27.9500,24.6843,205019700,0.0000
2013-02-22,27.8801,28.2000,27.2300,27.7600,24.5165,163396000,0.2300
2013-02-15,27.6500,28.1600,27.5000,28.0100,24.5361,192268300,0.0000
2013-02-08,27.8700,28.0200,27.1000,27.5500,24.1332,199186800,0.0000
2013-02-01,28.0100,28.2250,27.4000,27.9300,24.4660,254975500,0.0000
2013-01-25,27.3000,28.2300,27.0000,27.8800,24.4222,292625300,0.0000
2013-01-18,26.9000,27.4700,26.7600,27.2500,23.8704,241499900,0.0000
2013-01-11,26.7700,26.9800,26.2800,26.8300,23.5025,257804800,0.0000
2013-01-04,26.5900,27.7300,26.3700,26.7400,23.4236,196464300,0.0000
2012-12-28,27.2000,27.2500,26.5500,26.5500,23.2572,120107400,0.0000
2012-12-21,26.7900,27.7300,26.6800,27.4500,24.0456,297436700,0.0000
2012-12-14,26.5600,27.6200,26.5200,26.8100,23.4849,230437800,0.0000
2012-12-07,26.7800,26.9800,26.2600,26.4550,23.1740,256579500,0.0000
2012-11-30,27.5400,27.5800,26.4900,26.6150,23.3141,336477300,0.0000
2012-11-23,26.8000,27.7700,26.4600,27.7000,24.2646,228455700,0.0000
2012-11-16,28.9400,29.0100,26.3449,26.5209,23.2317,383926500,0.2300
2012-11-09,29.6200,30.2000,28.8000,28.8300,25.0418,232477100,0.0000
2012-11-02,28.5500,29.7700,28.5000,29.4998,25.6236,198643600,0.0000
2012-10-26,28.7300,28.8300,27.7600,28.2100,24.5033,312983500,0.0000
2012-10-19,29.3700,29.7400,28.5000,28.6400,24.8768,284095000,0.0000
2012-10-12,29.6400,29.9200,28.8000,29.2000,25.3632,210053400,0.0000
2012-10-05,29.8100,30.2500,29.4200,29.8500,25.9278,228806300,0.0000
2012-09-28,31.0000,31.0700,29.7400,29.7600,25.8496,257123500,0.0000
2012-09-21,31.1900,31.6100,30.9100,31.1900,27.0917,267795000,0.0000
2012-09-14,30.8300,31.2500,30.4000,31.2100,27.1091,194961700,0.0000
2012-09-07,30.4500,31.3600,30.1500,30.9500,26.8832,173227500,0.0000
2012-08-31,30.9300,30.9600,30.2200,30.8200,26.7703,142558000,0.0000
2012-08-24,30.8200,30.9600,30.0800,30.5600,26.5445,137296700,0.0000
2012-08-17,30.3500,30.9400,30.0100,30.9000,26.8398,150328600,0.2000
2012-08-10,30.0000,30.6500,29.8100,30.4200,26.2486,134463400,0.0000
2012-08-03,29.7500,29.9400,28.9700,29.7500,25.6705,173627600,0.0000
2012-07-27,29.5700,29.8500,28.7800,29.7550,25.6748,237998700,0.0000
2012-07-20,29.4800,31.0500,29.0400,30.1150,25.9855,213447200,0.0000
2012-07-13,30.1200,30.2300,28.5400,29.3900,25.3599,210008400,0.0000
2012-07-06,30.6200,30.7800,29.9500,30.1850,26.0459,118623900,0.0000
2012-06-29,30.3001,30.6900,29.4200,30.5900,26.3953,214975800,0.0000
2012-06-22,29.9900,31.1400,29.7100,30.7000,26.4902,264217500,0.0000
2012-06-15,29.7300,30.0800,28.8200,30.0200,25.9035,216457700,0.0000
2012-06-08,28.6200,29.7000,28.3200,29.6500,25.5842,220846100,0.0000
2012-06-01,29.3800,29.7200,28.4400,28.4500,24.5488,175112600,0.0000
2012-05-25,29.1000,29.8800,28.6400,29.0600,25.0751,225546000,0.0000
2012-05-18,30.8200,31.0400,29.1700,29.2700,25.2563,267124700,0.2000
2012-05-11,30.7000,31.5400,30.1000,31.1600,26.7103,232577500,0.0000
2012-05-04,31.9800,32.3350,30.9200,30.9800,26.5560,206343300,0.0000
2012-04-27,32.3100,32.5200,31.8300,31.9800,27.4132,246492000,0.0000
2012-04-20,30.9900,32.8900,30.7700,32.4200,27.7904,273865400,0.0000
2012-04-13,31.2200,31.4000,30.2300,30.8100,26.4103,206254900,0.0000
2012-04-05,32.2200,32.4600,31.0500,31.5200,27.0189,178430200,0.0000
2012-03-30,32.1900,32.7000,31.8100,32.2550,27.6490,183165900,0.0000
2012-03-23,32.5350,32.6100,31.7200,32.0100,27.4390,191946300,0.0000
2012-03-16,31.9700,32.9500,31.8200,32.6000,27.9447,239706900,0.0000
2012-03-09,32.0100,32.2100,31.4900,31.9900,27.4218,202889100,0.0000
2012-03-02,31.2400,32.4400,31.1000,32.0750,27.4947,263780900,0.0000
2012-02-24,31.1800,31.6800,31.0000,31.4800,26.9846,170693200,0.0000
2012-02-17,30.6300,31.5500,29.8500,31.2500,26.7875,301016700,0.2000
2012-02-10,30.0400,30.8000,29.9700,30.4950,25.9686,212028100,0.0000
2012-02-03,28.9700,30.4000,28.8300,30.2400,25.7515,263158900,0.0000
2012-01-27,29.5500,29.9500,29.0700,29.2300,24.8914,280303600,0.0000
2012-01-20,28.4000,29.7400,27.9700,29.7100,25.3001,377212300,0.0000
2012-01-13,28.0500,28.2500,27.3700,28.2500,24.0568,294870500,0.0000
2012-01-06,26.5500,28.1900,26.3900,28.1050,23.9334,300784500,0.0000
2011-12-30,25.9600,26.1500,25.7600,25.9600,22.1067,101122300,0.0000
2011-12-23,26.0200,26.1900,25.4400,26.0300,22.1663,236158300,0.0000
2011-12-16,25.4100,26.1700,25.2900,26.0000,22.1408,289075400,0.0000
2011-12-09,25.7800,25.8700,25.3350,25.7000,21.8853,279971400,0.0000
2011-12-02,24.9400,25.6300,24.6900,25.2200,21.4766,269873900,0.0000
2011-11-25,25.2400,25.2500,24.3000,24.3000,20.6931,186351300,0.0000
2011-11-18,26.8799,27.0000,25.1500,25.3000,21.5447,249939900,0.2000
2011-11-11,26.2100,27.2000,26.0600,26.9100,22.7456,223780500,0.0000
2011-11-04,26.7550,27.0000,25.7000,26.2500,22.1877,263900000,0.0000
2011-10-28,27.0600,27.4000,26.1000,26.9800,22.8048,305706800,0.0000
2011-10-21,27.1139,27.4700,26.4000,27.1600,22.9569,287742000,0.0000
2011-10-14,26.5800,27.5000,26.4700,27.2700,23.0499,227902500,0.0000
2011-10-07,24.7200,26.5100,24.2600,26.2500,22.1877,349992200,0.0000
2011-09-30,25.1900,26.3700,24.7300,24.8900,21.0382,284882300,0.0000
2011-09-23,26.8000,27.5000,24.6000,25.0600,21.1819,335333900,0.0000
2011-09-16,25.6050,27.2700,25.2700,27.1200,22.9231,328067400,0.0000
2011-09-09,25.2000,26.6600,25.1100,25.7400,21.7567,227231400,0.0000
2011-09-02,25.5300,26.8600,25.3700,25.8000,21.8074,259910600,0.0000
2011-08-26,24.4200,25.3400,23.7900,25.2500,21.3425,279870300,0.0000
2011-08-19,25.2400,25.7000,23.9100,24.0500,20.3282,344816700,0.1600
2011-08-12,25.0200,25.6200,24.0300,25.1000,21.0826,543823200,0.0000
2011-08-05,27.5100,27.6850,25.2300,25.6800,21.5698,395323900,0.0000
2011-07-29,27.2600,28.1450,27.1900,27.4000,23.0145,442763800,0.0000
2011-07-22,26.6300,27.6400,26.2600,27.5300,23.1237,339145900,0.0000
2011-07-15,26.6200,27.0100,26.3400,26.7800,22.4937,227695600,0.0000
2011-07-08,26.1000,26.9800,25.9000,26.9200,22.6113,196816700,0.0000
2011-07-01,24.2300,26.1700,24.2300,26.0200,21.8554,344568900,0.0000
2011-06-24,24.1700,24.8600,24.1600,24.3000,20.4107,309192000,0.0000
2011-06-17,23.7900,24.4500,23.6500,24.2600,20.3771,280381700,0.0000
2011-06-10,24.0500,24.2500,23.6900,23.7050,19.9109,230302200,0.0000
2011-06-03,24.9600,25.1000,23.8400,23.9050,20.0789,246415300,0.0000
2011-05-27,24.2100,25.0300,24.0300,24.7600,20.7971,263556100,0.0000
2011-05-20,24.9600,25.0700,24.2500,24.4900,20.5703,311399200,0.1600
2011-05-13,25.8000,25.9600,24.9500,25.0300,20.8875,382307400,0.0000
2011-05-06,25.9400,26.2500,25.4800,25.8700,21.5885,346603800,0.0000
2011-04-29,25.5600,26.8700,25.3400,25.9200,21.6303,554932000,0.0000
2011-04-21,25.1000,26.0000,24.7200,25.5200,21.2965,205438400,0.0000
2011-04-15,26.1900,26.2500,25.0900,25.3700,21.1713,229671700,0.0000
2011-04-08,25.4500,26.3100,25.4100,26.0700,21.7554,260688500,0.0000
2011-04-01,25.6600,25.7200,25.3000,25.4800,21.2631,258083900,0.0000
2011-03-25,25.1800,25.9500,25.1500,25.6200,21.3799,217469200,0.0000
2011-03-18,25.4900,25.7600,24.6800,24.8000,20.6956,379249800,0.0000
2011-03-11,26.1300,26.2700,25.3500,25.6800,21.4300,271774600,0.0000
2011-03-04,26.6900,26.8600,25.8000,25.9525,21.6574,298801800,0.0000
2011-02-25,26.7800,27.1000,26.4300,26.5500,22.1560,238623600,0.0000
2011-02-18,27.2050,27.3700,26.6000,27.0600,22.5816,297575700,0.1600
2011-02-11,27.8000,28.3400,27.0700,27.2500,22.6060,317402300,0.0000
2011-02-04,27.7700,28.1100,27.4200,27.7700,23.0374,274416000,0.0000
2011-01-28,28.0200,29.4600,27.4500,27.7510,23.0216,457301200,0.0000
2011-01-21,28.1600,28.7400,28.0200,28.0200,23.2448,220022500,0.0000
2011-01-14,28.2600,28.5900,27.9100,28.3000,23.4770,290269600,0.0000
2011-01-07,28.0500,28.8500,27.7700,28.6000,23.7259,328636400,0.0000
2010-12-31,28.1200,28.2000,27.6300,27.9100,23.1535,109735600,0.0000
2010-12-23,27.9500,28.4000,27.6800,28.3000,23.4770,158118800,0.0000
2010-12-17,27.2700,28.0900,27.1725,27.9025,23.1473,326785300,0.0000
2010-12-10,26.9300,27.4000,26.7600,27.3400,22.6806,220565600,0.0000
2010-12-03,25.1900,27.0600,24.9300,27.0200,22.4152,350390400,0.0000
2010-11-26,25.6500,25.7400,25.0900,25.2500,20.9468,201275400,0.0000
2010-11-19,26.3300,26.5000,25.5500,25.6900,21.3118,287370700,0.1600
2010-11-12,26.6800,27.1100,26.1000,26.2700,21.6587,309522000,0.0000
2010-11-05,26.8800,27.4900,26.5300,26.8500,22.1369,431122500,0.0000
2010-10-29,25.2400,27.2000,25.0600,26.6650,21.9844,379945600,0.0000
2010-10-22,25.5900,25.9500,24.9500,25.3775,20.9229,246635300,0.0000
2010-10-15,24.7400,25.5500,24.4300,25.5400,21.0569,273969700,0.0000
2010-10-08,23.9600,24.7500,23.7800,24.5700,20.2571,318209900,0.0000
2010-10-01,24.8400,24.9900,24.3000,24.3800,20.1005,267898400,0.0000
2010-09-24,25.2800,25.5200,24.3600,24.7750,20.4261,294964400,0.0000
2010-09-17,24.2000,25.5300,24.0900,25.2200,20.7930,372932600,0.0000
2010-09-10,24.1000,24.3000,23.7400,23.8500,19.6635,221754300,0.0000
2010-09-03,23.7400,24.4500,23.3200,24.2900,20.0263,289789800,0.0000
2010-08-27,24.4400,24.6403,23.5100,23.9300,19.7295,275615000,0.0000
2010-08-20,24.3600,24.9600,24.2000,24.2300,19.9768,244265900,0.1300
2010-08-13,25.5500,25.7300,24.2400,24.4000,20.0117,336605100,0.0000
2010-08-06,25.9900,26.3800,25.0200,25.5500,20.9549,311358400,0.0000
2010-07-30,25.8600,26.4100,25.3500,25.8100,21.1681,350607800,0.0000
2010-07-23,24.9600,26.0200,24.7000,25.8100,21.1681,338546300,0.0000
2010-07-16,24.4300,25.6400,24.4200,24.8900,20.4136,306590500,0.0000
2010-07-09,23.7000,24.6200,23.5840,24.2700,19.9051,258121500,0.0000
2010-07-02,24.5100,24.6100,22.7300,23.2700,19.0849,429441900,0.0000
2010-06-25,26.7800,26.8900,24.3100,24.5325,20.1204,413577000,0.0000
2010-06-18,25.8600,26.6700,25.4700,26.4400,21.6848,281383000,0.0000
2010-06-11,25.8200,25.8300,24.6500,25.6600,21.0451,402593800,0.0000
2010-06-04,25.5300,26.9300,25.5200,25.7900,21.1517,299540400,0.0000
2010-05-28,26.8500,26.8600,24.5600,25.8000,21.1599,552699900,0.0000
2010-05-21,29.1200,29.2300,26.4400,26.8400,22.0129,366078000,0.1300
2010-05-14,29.0100,29.7300,28.5700,28.9300,23.6196,306112300,0.0000
2010-05-07,30.6700,31.0606,27.3200,28.2100,23.0318,495240000,0.0000
2010-04-30,31.0000,31.4333,30.5200,30.5350,24.9300,312818100,0.0000
2010-04-23,30.7700,31.5800,30.6500,30.9600,25.2770,384127100,0.0000
2010-04-16,30.2500,31.0000,30.1300,30.6700,25.0402,288833100,0.0000
2010-04-09,29.1300,30.4100,28.9800,30.3400,24.7708,258483100,0.0000
2010-04-01,29.7100,29.8600,28.6200,29.1600,23.8074,206818900,0.0000
2010-03-26,29.5000,30.5700,29.3900,29.6600,24.2156,242496700,0.0000
2010-03-19,29.1800,29.9000,29.0100,29.5900,24.1585,249798500,0.0000
2010-03-12,28.5200,29.3800,28.5000,29.2700,23.8972,201627400,0.0000
2010-03-05,28.7700,29.3000,28.2400,28.5875,23.3400,284263800,0.0000
2010-02-26,28.8400,28.9400,28.0200,28.6700,23.4073,221245100,0.0000
2010-02-19,28.1300,29.0300,28.0200,28.7700,23.4890,185126800,0.1300
2010-02-12,28.0100,28.4000,27.5700,27.9300,22.6991,307718600,0.0000
2010-02-05,28.3900,28.7900,27.5700,28.0200,22.7722,360552800,0.0000
2010-01-29,29.2400,29.9200,27.6600,28.1800,22.9023,505364600,0.0000
2010-01-22,30.7500,31.2400,28.8400,28.9600,23.5362,276516500,0.0000
2010-01-15,30.7100,31.2400,29.9100,30.8600,25.0803,329671600,0.0000
2010-01-08,30.6200,31.1000,30.1900,30.6600,24.9178,248098200,0.0000
2009-12-31,31.0000,31.5000,30.4800,30.4800,24.7715,129036100,0.0000
2009-12-24,30.4000,31.0000,30.3700,31.0000,25.1941,115896700,0.0000
2009-12-18,29.9100,30.4500,29.5700,30.3600,24.6740,277671400,0.0000
2009-12-11,29.7800,30.0800,29.2500,29.8500,24.2595,209882600,0.0000
2009-12-04,29.1500,30.3700,29.0000,29.9800,24.3651,232290700,0.0000
2009-11-27,29.8400,30.0100,28.7500,29.2200,23.7475,140565500,0.0000
2009-11-20,29.6100,30.1400,29.3700,29.6200,24.0726,283824400,0.1300
2009-11-13,28.6200,29.7900,28.5300,29.6300,23.9768,281482500,0.0000
2009-11-06,27.7000,28.7400,27.4100,28.5200,23.0786,268212300,0.0000
2009-10-30,28.1250,29.0200,27.6600,27.7300,22.4393,405975200,0.0000
2009-10-23,26.4900,29.3500,25.9400,28.0200,22.6740,507781600,0.0000
2009-10-16,25.6600,26.7100,25.5200,26.5000,21.4440,234381300,0.0000
2009-10-09,24.9800,25.9000,24.5200,25.5500,20.6752,248114200,0.0000
2009-10-02,25.6000,26.1600,24.4300,24.9600,20.1978,274119500,0.0000
2009-09-25,25.1100,26.2500,25.1000,25.5500,20.6752,257317100,0.0000
2009-09-18,24.6500,25.4800,24.6400,25.2600,20.4406,248024500,0.0000
2009-09-11,24.6200,25.1700,24.4100,24.8600,20.1169,204196900,0.0000
2009-09-04,24.5700,24.8500,23.7600,24.6200,19.9227,232092300,0.0000
2009-08-28,24.4100,25.4900,24.2800,24.6800,19.9712,240543800,0.0000
2009-08-21,23.3200,24.4200,23.2300,24.4100,19.7527,231691900,0.1300
2009-08-14,23.4600,23.9000,23.0300,23.6920,19.0666,216134700,0.0000
2009-08-07,23.8200,24.2500,23.2700,23.5600,18.9604,255287200,0.0000
2009-07-31,23.4400,24.4300,22.9000,23.5200,18.9282,346943500,0.0000
2009-07-24,24.4400,25.7200,22.8100,23.4500,18.8719,487215100,0.0000
2009-07-17,22.4200,24.4500,22.1400,24.2900,19.5479,297686600,0.0000
2009-07-10,23.2100,23.2800,22.0000,22.3900,18.0188,265284000,0.0000
2009-07-02,23.6000,24.3000,23.2100,23.3700,18.8075,249637900,0.0000
2009-06-26,23.9500,23.9500,23.2000,23.3500,18.7914,305182700,0.0000
2009-06-19,23.2300,24.3400,23.0200,24.0700,19.3708,435179500,0.0000
2009-06-12,21.9800,23.3800,21.6300,23.3300,18.7753,277273600,0.0000
2009-06-05,21.0000,22.3100,20.8600,22.1400,17.8176,264201600,0.0000
2009-05-29,19.5400,20.9400,19.4500,20.8900,16.8116,179500300,0.0000
2009-05-22,20.3600,20.7400,19.4700,19.7500,15.8942,240444300,0.1300
2009-05-15,19.2000,20.5000,19.0100,20.2200,16.1690,300840500,0.0000
2009-05-08,20.3700,20.4000,19.1400,19.4200,15.5292,317112800,0.0000
2009-05-01,20.5500,21.1000,19.7900,20.2400,16.1849,374870800,0.0000
2009-04-24,18.8900,21.2000,18.4700,20.9100,16.7207,437861300,0.0000
2009-04-17,19.6900,19.8500,18.5100,19.2000,15.3533,310053700,0.0000
2009-04-09,18.5400,19.7000,18.2650,19.6700,15.7291,225459800,0.0000
2009-04-03,17.7400,19.8900,17.2700,18.7500,14.9935,419435900,0.0000
2009-03-27,17.3700,18.8800,17.3100,18.1300,14.4977,307016700,0.0000
2009-03-20,16.7800,17.6500,16.2400,17.0600,13.6421,340940700,0.0000
2009-03-13,15.2000,17.2000,15.1000,16.6500,13.3142,422845400,0.0000
2009-03-06,16.0350,16.4000,14.8700,15.2800,12.2187,412893700,0.0000
2009-02-27,18.0200,18.1500,16.1000,16.1500,12.9144,476020000,0.0000
2009-02-20,18.4900,18.5000,17.6600,18.0000,14.3937,249409600,0.1300
2009-02-13,19.6900,19.8000,18.5400,19.0900,15.1564,317487800,0.0000
2009-02-06,17.0100,19.9300,17.0000,19.6600,15.6090,413296000,0.0000
2009-01-30,17.2900,18.3100,17.1000,17.1000,13.5765,329880700,0.0000
2009-01-23,19.4600,19.6200,16.7500,17.2000,13.6559,497671100,0.0000
2009-01-16,19.7100,19.9900,18.5200,19.7100,15.6487,374068400,0.0000
2009-01-09,20.2000,21.0000,19.4100,19.5200,15.4978,312339200,0.0000
2009-01-02,19.1500,20.4000,18.6400,20.3300,16.1409,198239900,0.0000
2008-12-26,19.2400,19.5700,18.8900,19.1300,15.1882,146068200,0.0000
2008-12-19,19.3400,20.1800,18.8900,19.1200,15.1802,430826900,0.0000
2008-12-12,20.3500,21.2500,18.7000,19.3600,15.3708,410885800,0.0000
2008-12-05,19.8750,19.9800,18.4700,19.8700,15.7757,411006600,0.0000
2008-11-28,19.8900,20.9400,19.5500,20.2200,16.0536,326567100,0.0000
2008-11-21,19.7400,20.2400,17.5000,19.6800,15.6249,606030700,0.1300
2008-11-14,21.8450,21.9700,18.7400,20.0600,15.8217,480321800,0.0000
2008-11-07,22.4800,23.6600,20.8600,21.5000,16.9575,381992200,0.0000
2008-10-31,21.6700,23.9700,21.0200,22.3300,17.6121,551852700,0.0000
2008-10-24,24.2000,25.0100,20.8900,21.9600,17.3203,652618500,0.0000
2008-10-17,22.8600,25.7300,21.3100,23.9300,18.8741,718711400,0.0000
2008-10-10,25.6300,25.9900,20.6500,21.5000,16.9575,824330600,0.0000
2008-10-03,26.9400,27.6600,25.0089,26.3200,20.7591,538642000,0.0000
2008-09-26,26.2200,27.5600,25.3200,27.4000,21.6109,474587100,0.0000
2008-09-19,26.9200,27.4900,23.5000,25.1600,19.8442,568268600,0.0000
2008-09-12,26.2100,27.7400,25.6700,27.6200,21.7844,371453200,0.0000
2008-09-05,27.6650,27.7600,25.6300,25.6500,20.2307,271654000,0.0000
2008-08-29,27.6100,28.0100,27.1300,27.2900,21.5242,229239100,0.0000
2008-08-22,27.7800,28.0500,26.8600,27.8400,21.9580,211452900,0.1100
2008-08-15,27.8600,28.5000,27.5600,27.8100,21.8463,279721700,0.0000
2008-08-08,25.3600,28.2300,25.1100,28.1300,22.0977,403815800,0.0000
2008-08-01,25.9300,26.4900,25.0700,25.4400,19.9846,321234900,0.0000
2008-07-25,25.6700,26.8400,25.4400,26.1600,20.5502,385416500,0.0000
2008-07-18,25.1100,27.9100,24.9300,25.8600,20.3145,472799000,0.0000
2008-07-11,26.1000,26.3900,24.8700,25.2500,19.8353,318699800,0.0000
2008-07-03,27.6500,27.9800,25.6000,25.9800,20.4088,221825946,0.0000
2008-06-27,28.2800,28.6700,27.4600,27.6300,21.7049,327143100,0.0000
2008-06-20,29.0100,29.1900,28.1000,28.2300,22.1763,328171600,0.0000
2008-06-13,27.6100,29.5700,27.1100,29.0700,22.8361,449517200,0.0000
2008-06-06,28.2400,28.3600,27.2000,27.4900,21.5950,397776700,0.0000
2008-05-30,28.0500,28.7000,28.0400,28.3200,22.2470,210751400,0.0000
2008-05-23,29.8900,29.8900,27.9500,28.0500,22.0349,296601500,0.0000
2008-05-16,29.3500,30.5300,29.3500,29.9900,23.5589,336837900,0.1100
2008-05-09,29.9500,30.2300,28.9300,29.3900,23.0026,423255800,0.0000
2008-05-02,29.8000,29.8350,28.4500,29.2400,22.8852,394359100,0.0000
2008-04-25,30.2000,32.1000,29.6000,29.8300,23.3469,480762300,0.0000
2008-04-18,28.2400,30.1000,27.9300,30.0000,23.4800,254237700,0.0000
2008-04-11,29.5500,29.5900,28.2100,28.2800,22.1338,254966700,0.0000
2008-04-04,27.8800,29.5800,27.8400,29.1600,22.8225,244898400,0.0000
2008-03-28,29.3300,29.4000,27.8300,27.9100,21.8442,240450200,0.0000
2008-03-20,27.3000,29.5900,27.2800,29.1800,22.8382,289797700,0.0000
2008-03-14,27.8300,29.4900,27.6400,27.9600,21.8833,436676700,0.0000
2008-03-07,27.2400,28.4100,26.8700,27.8700,21.8129,438685000,0.0000
2008-02-29,27.6500,28.8600,27.0200,27.1999,21.2884,494511600,0.0000
2008-02-22,28.8000,28.9600,27.2000,27.6800,21.6642,385799300,0.1100
2008-02-15,28.5200,29.0500,27.9100,28.4200,22.1568,467445800,0.0000
2008-02-08,30.4900,30.7200,27.9000,28.5600,22.2660,685685200,0.0000
2008-02-01,33.0200,33.2500,30.2500,30.4498,23.7393,650255700,0.0000
2008-01-25,31.5400,35.0000,31.0400,32.9400,25.6807,598751500,0.0000
2008-01-18,34.4600,34.5700,32.5100,33.0100,25.7353,446486700,0.0000
2008-01-11,34.5500,34.8000,33.3500,33.9100,26.4370,361252000,0.0000
2008-01-04,35.9000,35.9900,34.0900,34.3800,26.8034,219924300,0.0000
2007-12-28,36.1300,36.7200,35.6700,36.1200,28.1599,126633300,0.0000
2007-12-21,35.0300,36.0625,34.2100,36.0600,28.1132,311967600,0.0000
2007-12-14,34.6400,35.8400,33.9300,35.3100,27.5284,299539000,0.0000
2007-12-07,33.5000,34.7000,32.6300,34.5300,26.9203,291447500,0.0000
2007-11-30,34.0900,34.3700,32.6800,33.6000,26.1953,377759800,0.0000
2007-11-23,33.9600,34.9700,33.7100,34.1100,26.5929,286021500,0.0000
2007-11-16,33.3200,34.7500,33.0200,34.0900,26.5773,408367700,0.1100
2007-11-09,36.7600,37.1000,33.6500,33.7300,26.2130,510229200,0.0000
2007-11-02,34.8500,37.5000,34.3500,37.0600,28.8008,656057300,0.0000
2007-10-26,30.1200,36.0300,30.1200,35.0300,27.2232,644430400,0.0000
2007-10-19,30.0900,31.2300,30.0000,30.1700,23.4463,313937900,0.0000
2007-10-12,29.6600,30.6300,29.6000,30.1700,23.4463,208029500,0.0000
2007-10-05,29.4600,29.9900,29.2900,29.8400,23.1899,198090200,0.0000
2007-09-28,28.8100,29.8500,28.8000,29.4600,22.8946,329644000,0.0000
2007-09-21,28.7900,28.9650,28.2700,28.6499,22.2650,414046100,0.0000
2007-09-14,28.6700,29.2600,28.4100,29.0400,22.5682,182778300,0.0000
2007-09-07,28.5000,29.1000,28.3200,28.4400,22.1019,190951100,0.0000
2007-08-31,28.6100,28.9300,27.8200,28.7300,22.3273,198670200,0.0000
2007-08-24,28.1800,28.8400,27.8700,28.8100,22.3894,224547200,0.0000
2007-08-17,28.9400,28.9900,27.5100,28.2500,21.9542,304749200,0.1000
2007-08-10,29.0750,30.1000,28.2600,28.7100,22.2331,311132800,0.0000
2007-08-03,29.4050,29.7900,28.8200,28.9601,22.4267,323533700,0.0000
2007-07-27,31.3600,31.5200,29.3600,29.3901,22.7597,319829900,0.0000
2007-07-20,29.7600,31.8400,29.7200,31.1600,24.1304,409429100,0.0000
2007-07-13,29.8600,30.1100,29.1800,29.8200,23.0927,244337300,0.0000
2007-07-06,29.6700,30.2200,29.4900,29.9700,23.2088,187898100,0.0000
2007-06-29,29.4700,29.9700,29.0400,29.4700,22.8216,272963800,0.0000
2007-06-22,30.6900,30.7200,29.4500,29.4900,22.8371,281861500,0.0000
2007-06-15,29.9400,30.8800,29.7700,30.4900,23.6115,329883500,0.0000
2007-06-08,30.4200,30.7600,29.4100,30.0500,23.2708,257234600,0.0000
2007-06-01,30.4900,31.1600,30.3900,30.5900,23.6889,224509800,0.0000
2007-05-25,30.7300,31.1600,29.9600,30.4800,23.6038,239931300,0.0000
2007-05-18,30.8400,31.1400,30.5800,30.8300,23.8748,290534600,0.1000
2007-05-11,30.5200,30.9800,30.4800,30.8900,23.8441,270999700,0.0000
2007-05-04,30.1300,31.0000,29.9000,30.5600,23.5894,408437500,0.0000
2007-04-27,28.9600,30.7400,28.5900,30.1200,23.2497,312509900,0.0000
2007-04-20,28.6000,29.1000,28.2100,29.0200,22.4006,209649000,0.0000
2007-04-13,28.5750,28.7200,27.9900,28.6100,22.0842,193842900,0.0000
2007-04-05,27.8900,28.7800,27.5600,28.5500,22.0378,175174300,0.0000
2007-03-30,27.9400,28.2200,27.4000,27.8700,21.5130,243109200,0.0000
2007-03-23,27.3400,28.5500,27.2000,28.0200,21.6287,268577300,0.0000
2007-03-16,27.1800,27.4800,26.7100,27.3300,21.0961,304228600,0.0000
2007-03-09,27.4900,27.9400,26.6000,27.2800,21.0575,310161000,0.0000
2007-03-02,28.9600,29.1200,27.7300,27.7600,21.4280,380388900,0.0000
2007-02-23,28.6300,29.5400,28.4700,28.9000,22.3080,244124600,0.0000
2007-02-16,28.8900,29.6900,28.6499,28.7400,22.1845,331909500,0.1000
2007-02-09,29.9700,30.0200,28.9300,28.9800,22.2929,362100800,0.0000
2007-02-02,30.6500,31.1000,30.1300,30.1900,23.2237,309232200,0.0000
2007-01-26,31.0600,31.4800,30.4500,30.6000,23.5391,357325300,0.0000
2007-01-19,31.2600,31.4500,30.6900,31.1100,23.9314,253090400,0.0000
2007-01-12,29.6500,31.3900,29.4300,31.2100,24.0084,353311000,0.0000
2007-01-05,29.9100,30.2500,29.4000,29.6400,22.8006,167316800,0.0000
2006-12-29,29.5300,30.1500,29.4000,29.8600,22.9699,136777100,0.0000
2006-12-22,30.1900,30.2600,29.5300,29.6400,22.8006,212253200,0.0000
2006-12-15,29.1900,30.2300,29.1100,30.1900,23.2237,410894100,0.0000
2006-12-08,29.2300,29.5200,28.8000,29.4000,22.6160,304979500,0.0000
2006-12-01,29.6900,29.7800,28.8999,29.1200,22.4006,309653900,0.0000
2006-11-24,29.5200,30.0001,29.5000,29.7600,22.8929,216514300,0.0000
2006-11-17,29.1900,29.6400,29.0700,29.4000,22.6160,287912700,0.1000
2006-11-10,28.7700,29.4000,28.6600,29.2400,22.4162,321623300,0.0000
2006-11-03,28.3500,28.9900,28.3200,28.7300,22.0253,284853300,0.0000
2006-10-27,28.3000,28.7900,28.0400,28.3400,21.7263,309676000,0.0000
2006-10-20,28.4800,28.7001,28.1200,28.4300,21.7953,224116800,0.0000
2006-10-13,27.8000,28.6900,27.4200,28.3700,21.7493,355111200,0.0000
2006-10-06,27.3200,28.1100,27.1500,27.8700,21.3660,292904900,0.0000
2006-09-29,26.8100,27.5200,26.7900,27.3500,20.9673,267367500,0.0000
2006-09-22,26.7400,27.2500,26.4800,26.6600,20.4383,270058100,0.0000
2006-09-15,25.4300,26.9400,25.4200,26.8500,20.5840,345945900,0.0000
2006-09-08,25.6900,25.9600,25.3900,25.6000,19.6257,182516500,0.0000
2006-09-01,25.8400,26.0000,25.6300,25.8400,19.8097,165160300,0.0000
2006-08-25,25.6600,26.2501,25.5000,25.8500,19.8174,291408400,0.0000
2006-08-18,24.5200,25.8000,24.3500,25.7900,19.7714,323289600,0.0900
2006-08-11,24.2800,24.6400,24.1900,24.4300,18.6605,201448300,0.0000
2006-08-04,24.0700,24.4901,23.8500,24.2900,18.5536,224730800,0.0000
2006-07-28,24.0100,24.6000,23.7700,24.2500,18.5230,311697200,0.0000
2006-07-21,22.2900,24.1500,22.2600,23.8700,18.2328,436378000,0.0000
2006-07-14,23.4300,23.6600,22.2300,22.2900,17.0259,357219600,0.0000
2006-07-07,23.5300,23.7200,23.3000,23.3000,17.7974,186748900,0.0000
2006-06-30,22.6500,23.6500,22.6300,23.3000,17.7974,404754000,0.0000
2006-06-23,22.1400,23.1700,22.1200,22.5000,17.1863,449022900,0.0000
2006-06-16,21.9500,22.2800,21.4599,22.1000,16.8808,542650300,0.0000
2006-06-09,22.7200,22.7300,21.9700,22.0300,16.8273,421043600,0.0000
2006-06-02,23.5500,23.7600,22.6200,22.7600,17.3849,326865900,0.0000
2006-05-26,22.4800,23.9201,22.4500,23.7200,18.1182,404579600,0.0000
2006-05-19,23.1000,24.0000,22.5200,22.5600,17.2322,443555800,0.0900
2006-05-12,23.8500,25.0000,23.0500,23.1700,17.6296,408635300,0.0000
2006-05-05,24.3300,25.0000,23.1400,23.8000,18.1089,879723200,0.0000
2006-04-28,27.0600,27.6300,24.0000,24.1500,18.3752,818292700,0.0000
2006-04-21,27.0100,27.5000,26.7000,27.1500,20.6579,241356300,0.0000
2006-04-13,27.2000,27.4400,26.9700,27.0700,20.5970,142728400,0.0000
2006-04-07,27.6700,27.9410,27.2300,27.2500,20.7339,243749500,0.0000
2006-03-31,27.0200,27.5410,26.8100,27.2100,20.7035,288381900,0.0000
2006-03-24,27.6900,28.2200,26.6200,27.0100,20.5513,428830300,0.0000
2006-03-17,26.9790,27.6600,26.9400,27.5000,20.9242,331725100,0.0000
2006-03-10,26.9200,27.5000,26.8100,27.1700,20.6731,248873300,0.0000
2006-03-03,26.7500,27.3000,26.6700,26.9300,20.4905,256467900,0.0000
2006-02-24,26.6600,26.8901,26.3400,26.6300,20.2622,185372100,0.0000
2006-02-17,26.6100,26.9300,26.3400,26.7000,20.3155,258330500,0.0900
2006-02-10,27.5000,27.5400,26.5100,26.6900,20.2401,289113900,0.0000
2006-02-03,27.7900,28.3800,27.3400,27.5400,20.8847,397385400,0.0000
2006-01-27,26.4100,27.9501,26.2200,27.7900,21.0743,374068400,0.0000
2006-01-20,26.9000,27.2400,26.2600,26.4100,20.0277,250476300,0.0000
2006-01-13,26.9300,27.3900,26.5900,27.1900,20.6193,278080400,0.0000
2006-01-06,26.2500,27.1300,26.1000,26.9100,20.4069,287157100,0.0000
2005-12-30,26.6800,26.8500,26.1000,26.1500,19.8306,156803500,0.0000
2005-12-23,26.8200,26.9100,26.4190,26.6400,20.2022,329407700,0.0000
2005-12-16,27.7000,27.7500,26.8100,26.9000,20.3993,400679500,0.0000
2005-12-09,27.9300,28.0200,27.5500,27.7100,21.0136,281479100,0.0000
2005-12-02,27.7900,28.1010,27.5300,28.0100,21.2411,278968000,0.0000
2005-11-25,28.0700,28.2402,27.4650,27.7600,21.0515,284671500,0.0000
2005-11-18,27.3600,28.2500,27.2000,28.0700,21.2866,385292400,0.0800
2005-11-11,26.7200,27.3901,26.6399,27.2800,20.6275,322019000,0.0000
2005-11-04,25.6100,26.7100,25.5000,26.6600,20.1587,352445200,0.0000
2005-10-28,24.8900,25.6001,24.6800,25.5300,19.3043,319482000,0.0000
2005-10-21,24.6800,25.1300,24.4399,24.7800,18.7371,311088900,0.0000
2005-10-14,24.6700,25.5900,24.2500,24.6700,18.6540,320781300,0.0000
2005-10-07,25.7100,25.7326,24.5200,24.5900,18.5935,413185600,0.0000
2005-09-30,25.4000,26.0000,25.2100,25.7300,19.4555,300472600,0.0000
2005-09-23,26.0900,26.2700,25.1200,25.2700,19.1077,328869200,0.0000
2005-09-16,26.5800,26.7600,25.9700,26.0700,19.7126,406684500,0.0000
2005-09-09,27.0600,27.2900,26.5200,26.5800,20.0982,184813200,0.0000
2005-09-02,26.8200,27.4400,26.8100,27.0200,20.4309,300703100,0.0000
2005-08-26,26.7900,27.1700,26.7400,26.9700,20.3931,229714300,0.0000
2005-08-19,26.9800,27.3008,26.6600,26.7200,20.2041,222189700,0.0800
2005-08-12,27.8000,27.8400,26.8500,27.0500,20.3934,305441100,0.0000
2005-08-05,25.8200,27.9400,25.7600,27.7600,20.9287,511953100,0.0000
2005-07-29,25.6900,26.0000,25.5300,25.6100,19.3078,258891400,0.0000
2005-07-22,25.7100,26.4800,25.5500,25.6800,19.3606,434873900,0.0000
2005-07-15,25.1500,26.1000,25.1100,25.7900,19.4435,295639000,0.0000
2005-07-08,24.6600,25.1900,24.5000,25.0900,18.9158,262285000,0.0000
2005-07-01,25.0700,25.3200,24.6700,24.7100,18.6293,322290800,0.0000
2005-06-24,24.9800,25.6200,24.9300,25.0400,18.8781,355246100,0.0000
2005-06-17,25.3600,25.4900,24.9200,25.0400,18.8781,300852300,0.0000
2005-06-10,25.3800,25.8300,25.3100,25.4300,19.1721,232865700,0.0000
2005-06-03,25.9700,26.0300,25.3400,25.4300,19.1721,207624100,0.0000
2005-05-27,25.7500,26.0900,25.5000,26.0700,19.6546,278015000,0.0000
2005-05-20,25.2300,26.0500,24.3100,25.7400,19.4058,278308200,0.0800
2005-05-13,25.2300,25.3800,24.6400,25.3000,19.0144,335315800,0.0000
2005-05-06,25.2300,25.4800,24.9500,25.2200,18.9543,332793600,0.0000
2005-04-29,25.0700,25.3000,24.4400,25.3000,19.0144,365919300,0.0000
2005-04-22,24.4500,25.3900,24.3000,24.9800,18.7739,407295900,0.0000
2005-04-15,25.0300,25.4500,24.4100,24.4600,18.3831,343244900,0.0000
2005-04-08,24.1100,25.2500,23.9400,24.9400,18.7439,339174000,0.0000
2005-04-01,24.4000,24.4700,23.8200,24.1200,18.1276,310621300,0.0000
2005-03-24,24.3500,24.4700,23.9599,24.2800,18.2478,331673700,0.0000
2005-03-18,25.0800,25.2400,24.2800,24.3100,18.2704,408338500,0.0000
2005-03-11,25.1700,25.7900,25.0600,25.0900,18.8566,316021800,0.0000
2005-03-04,25.2200,25.4800,25.1296,25.1700,18.9167,322103600,0.0000
2005-02-25,25.2400,25.4900,25.1500,25.2500,18.9768,327812600,0.0000
2005-02-18,26.0118,26.1200,25.4000,25.4800,19.1497,336868100,0.0800
2005-02-11,26.2700,26.3400,25.8100,25.9700,19.4579,352614200,0.0000
2005-02-04,26.3500,26.5200,26.1000,26.3200,19.7202,332545200,0.0000
2005-01-28,25.7700,26.6500,25.6400,26.1800,19.6153,405236700,0.0000
2005-01-21,26.0300,26.3500,25.6400,25.6500,19.2182,262141600,0.0000
2005-01-14,26.6000,26.8600,26.0400,26.1200,19.5703,390071600,0.0000
2005-01-07,26.8000,27.1000,26.6200,26.6700,19.9824,392522300,0.0000
2004-12-31,27.0200,27.1000,26.6790,26.7200,20.0199,261944200,0.0000
2004-12-23,27.0200,27.1700,26.7800,27.0100,20.2371,309652700,0.0000
2004-12-17,27.1000,27.4000,26.7951,26.9600,20.1997,543141500,0.0000
2004-12-10,27.1000,27.4400,26.9100,27.0800,20.2896,416563600,0.0000
2004-12-03,26.6350,27.4400,26.6100,27.2300,20.4020,415516000,0.0000
2004-11-26,26.7600,26.8200,24.8600,26.6000,19.9300,247338400,0.0000
2004-11-19,27.3500,27.5000,26.8400,26.8600,20.1248,376879800,3.0800
2004-11-12,29.1900,30.2000,29.1300,29.9700,20.1851,546928700,0.0000
2004-11-05,28.1500,29.3600,27.9600,29.3100,19.7406,425220100,0.0000
2004-10-29,27.6800,28.5400,27.4200,27.9700,18.8381,353958400,0.0000
2004-10-22,28.0600,28.8900,27.5800,27.7400,18.6832,373356600,0.0000
2004-10-15,28.2000,28.2700,27.7990,27.9900,18.8516,241981800,0.0000
2004-10-08,28.4200,28.5900,27.9700,27.9900,18.8516,264991600,0.0000
2004-10-01,27.1800,28.3200,27.0400,28.2500,19.0267,308918800,0.0000
2004-09-24,27.4300,27.7400,27.0700,27.2900,18.3801,295812600,0.0000
2004-09-17,27.5400,27.5700,26.7400,27.5100,18.5283,257999400,0.0000
2004-09-10,27.2900,27.5100,27.1400,27.4900,18.5148,207740700,0.0000
2004-09-03,27.3000,27.6800,26.8500,27.1100,18.2589,225629900,0.0000
2004-08-27,27.2700,27.6700,27.0900,27.4600,18.4946,202634400,0.0800
2004-08-20,27.0800,27.5000,26.8900,27.2000,18.2658,262858700,0.0000
2004-08-13,27.2500,27.7500,25.9500,27.0200,18.1450,256220400,0.0000
2004-08-06,28.2700,28.5500,27.0600,27.1400,18.2255,283695500,0.0000
2004-07-30,28.3700,28.8100,28.1300,28.4900,19.1321,327776100,0.0000
2004-07-23,27.6200,29.8900,27.6000,28.0300,18.8232,572896600,0.0000
2004-07-16,27.6900,28.3600,27.2500,27.4800,18.4539,289853700,0.0000
2004-07-09,28.3200,28.3300,27.5500,27.8600,18.7091,244789000,0.0000
2004-07-02,28.6300,28.8400,28.1700,28.5700,19.1858,331071700,0.0000
2004-06-25,28.2300,28.6600,27.8100,28.5700,19.1858,411012400,0.0000
2004-06-18,26.5600,28.5000,26.5300,28.3500,19.0381,488638200,0.0000
2004-06-10,26.0200,26.7900,25.9700,26.7700,17.9771,222161000,0.0000
2004-06-04,26.1200,26.2800,25.8600,25.9500,17.4264,197137900,0.0000
2004-05-28,26.0400,26.3500,25.6000,26.2300,17.6144,259637300,0.0000
2004-05-21,25.4800,26.2700,25.4200,25.8900,17.3861,283260200,0.0000
2004-05-14,25.6400,26.1900,25.4300,25.8600,17.3660,294321000,0.0000
2004-05-07,26.2100,26.6000,25.7500,25.7800,17.3123,304238400,0.0000
2004-04-30,27.4600,27.5500,25.9600,26.1300,17.5473,386909500,0.0000
2004-04-23,25.0800,27.7200,25.0600,27.5400,18.4942,511223400,0.0000
2004-04-16,25.4800,25.7700,25.1000,25.1600,16.8959,282363400,0.0000
2004-04-08,25.8000,25.9800,25.3500,25.4800,17.1108,211355800,0.0000
2004-04-02,25.2400,25.9000,24.8500,25.8500,17.3593,348520900,0.0000
2004-03-26,24.5300,25.5100,24.0100,25.0300,16.8086,464149000,0.0000
2004-03-19,25.3300,25.4600,24.5600,24.6300,16.5400,400043100,0.0000
2004-03-12,26.3100,26.3500,25.0700,25.3800,17.0436,380308700,0.0000
2004-03-05,26.6500,26.7200,26.2000,26.3500,17.6950,277115000,0.0000
2004-02-27,26.7500,26.9900,26.3500,26.5300,17.8159,294828200,0.0000
2004-02-20,26.7000,27.1100,26.4300,26.5700,17.8428,213474200,0.0000
2004-02-13,27.1800,27.2300,26.5000,26.5900,17.8562,249492500,0.0000
2004-02-06,27.6300,27.8000,26.8300,27.0800,18.1853,274270700,0.0000
2004-01-30,28.4900,28.8300,27.4700,27.6500,18.5680,297108900,0.0000
2004-01-23,27.9900,28.7600,27.8500,28.4800,19.1254,322323400,0.0000
2004-01-16,27.6700,27.8800,27.2600,27.8100,18.6755,273795600,0.0000
2004-01-09,27.7300,28.4800,27.5900,27.6600,18.5747,294473400,0.0000
2004-01-02,27.2100,27.7700,27.1600,27.4500,18.4337,161519900,0.0000
2003-12-26,27.1600,27.4300,26.9700,27.2100,18.2726,115504900,0.0000
2003-12-19,27.0500,27.5500,26.6800,27.3600,18.3733,354585100,0.0000
2003-12-12,26.1200,26.8100,25.8100,26.6500,17.8965,425367900,0.0000
2003-12-05,25.9000,26.4800,25.5000,25.9800,17.4466,463971200,0.0000
2003-11-28,25.3300,25.9500,25.2800,25.7100,17.2652,288288600,0.0000
2003-11-21,25.3900,25.8400,24.8400,25.1100,16.8623,467180400,0.0000
2003-11-14,26.1200,26.2300,25.4400,25.5000,17.1242,357543000,0.0000
2003-11-07,26.3500,26.7500,26.0000,26.1000,17.5271,329324700,0.0000
2003-10-31,26.9100,27.2500,25.9100,26.1400,17.5540,379276300,0.0000
2003-10-24,28.9500,29.4300,26.4200,26.6100,17.8696,409676000,0.0000
2003-10-17,28.9800,29.3100,28.4800,28.9300,19.4276,223606200,0.1600
2003-10-10,29.1500,29.3700,28.6700,28.9100,19.3079,233651500,0.0000
2003-10-03,28.4100,29.4600,27.7500,29.0800,19.4214,264536500,0.0000
2003-09-26,29.3900,30.0000,28.1400,28.1900,18.8270,295932200,0.0000
2003-09-19,28.3700,29.9700,28.3200,29.9600,20.0092,300416400,0.0000
2003-09-12,28.3900,28.9200,27.4500,28.3400,18.9272,238774500,0.0000
2003-09-05,26.7000,28.7500,26.4700,28.3800,18.9539,307472000,0.0000
2003-08-29,26.3100,26.6700,25.9600,26.5200,17.7117,195027000,0.0000
2003-08-22,25.5600,26.9500,25.4600,26.2200,17.5113,305158600,0.0000
2003-08-15,25.6100,25.9900,25.4300,25.5400,17.0572,179225400,0.0000
2003-08-08,26.1500,26.5400,25.4300,25.5800,17.0839,244446200,0.0000
2003-08-01,26.9400,27.0000,26.1200,26.1700,17.4780,263444200,0.0000
2003-07-25,26.8700,26.9500,25.9800,26.8900,17.9588,257829600,0.0000
2003-07-18,27.6300,27.8100,26.5400,26.8900,17.9588,300064300,0.0000
2003-07-11,27.0200,27.8000,26.5900,27.3100,18.2393,318886400,0.0000
2003-07-03,25.9400,26.9500,25.3900,26.5000,17.6983,242509300,0.0000
2003-06-27,26.1400,26.5100,25.1400,25.6300,17.1173,292686700,0.0000
2003-06-20,24.8000,26.4300,24.6700,26.3300,17.5848,431506000,0.0000
2003-06-13,23.7200,25.2500,23.6000,24.6500,16.4628,351369100,0.0000
2003-06-06,24.9800,25.2200,23.6500,23.6700,15.8083,446360900,0.0000
2003-05-30,24.2500,24.9100,24.2200,24.6100,16.4361,320501800,0.0000
2003-05-23,25.4000,25.5400,23.8900,24.2200,16.1756,387099900,0.0000
2003-05-16,26.1500,26.4700,25.4100,25.5700,17.0772,249494800,0.0000
2003-05-09,26.2500,26.5000,25.7100,26.3600,17.6048,259126000,0.0000
2003-05-02,25.3900,26.2900,25.2500,26.1000,17.4312,272512900,0.0000
2003-04-25,25.6100,25.9900,25.0300,25.2200,16.8435,261322100,0.0000
2003-04-17,24.2700,25.7400,24.0000,25.5000,17.0305,259533900,0.0000
2003-04-11,26.2300,26.4300,23.9500,24.2000,16.1623,319809400,0.0000
2003-04-04,24.2500,26.0900,24.0100,25.0900,16.7567,302604600,0.0000
2003-03-28,25.5500,25.9300,24.5900,24.6700,16.4762,276001800,0.0000
2003-03-21,24.5200,26.8000,24.3300,26.5700,17.7451,410130000,0.0000
2003-03-14,23.3100,24.9600,22.5500,24.8600,16.6031,330936500,0.0000
2003-03-07,24.0200,24.1200,22.9000,23.5600,15.7348,283450300,0.0000
2003-02-28,24.4400,24.5000,23.3000,23.7000,15.8283,319632400,0.0000
2003-02-21,24.6200,24.9900,23.7000,24.6300,16.4494,183360850,0.0800
2003-02-14,46.8000,48.5000,46.0000,48.3000,16.0764,196846600,0.0000
2003-02-07,47.9300,49.1000,46.4100,46.5800,15.5039,210788300,0.0000
2003-01-31,49.3200,50.6000,47.0300,47.4600,15.7969,251304800,0.0000
2003-01-24,51.8700,52.5400,49.7000,49.8500,16.5924,173754500,0.0000
2003-01-17,56.5200,57.3200,51.3100,51.4600,17.1282,205946900,0.0000
2003-01-10,54.0200,56.3000,53.8000,55.9200,18.6127,167038900,0.0000
2003-01-03,53.0100,53.8000,51.2600,53.7900,17.9038,114400200,0.0000
2002-12-27,53.0500,54.6900,52.9000,52.9700,17.6308,72652000,0.0000
2002-12-20,53.0000,54.9900,52.6700,53.0400,17.6541,176690400,0.0000
2002-12-13,55.0000,55.2200,52.4900,52.5000,17.4744,158633300,0.0000
2002-12-06,58.6500,58.9600,54.2200,55.4700,18.4629,173095200,0.0000
2002-11-29,58.0600,58.6400,56.7800,57.6800,19.1985,106909100,0.0000
2002-11-22,56.9500,58.3000,54.3100,58.2200,19.3783,181924700,0.0000
2002-11-15,55.0700,57.0000,53.8200,56.6900,18.8690,201490300,0.0000
2002-11-08,56.7500,57.2500,55.0100,55.1000,18.3398,235125600,0.0000
2002-11-01,53.4000,54.0700,50.8500,53.0000,17.6408,237973300,0.0000
2002-10-25,51.9700,53.3700,50.9000,52.6800,17.5343,240831700,0.0000
2002-10-18,48.2500,53.2000,47.8400,53.1500,17.6907,320223700,0.0000
2002-10-11,43.8100,48.9000,43.2500,48.8700,16.2662,277972000,0.0000
2002-10-04,44.8700,46.8100,43.1100,43.7700,14.5687,271022000,0.0000
2002-09-27,46.6000,47.5000,44.6300,45.2500,15.0613,241453200,0.0000
2002-09-20,47.6000,48.9000,46.5900,47.4600,15.7969,207929100,0.0000
2002-09-13,47.2500,51.1000,46.6300,47.9100,15.9466,183161200,0.0000
2002-09-06,48.5200,48.6000,45.8800,47.8200,15.9167,157520900,0.0000
2002-08-30,52.5000,52.6500,48.5200,49.0800,16.3361,171205800,0.0000
2002-08-23,50.0400,53.4500,49.8500,52.2200,17.3812,180908000,0.0000
2002-08-16,47.6100,50.7400,46.9200,50.0000,16.6423,210887500,0.0000
2002-08-09,44.2900,49.1500,43.8100,48.1200,16.0165,205902100,0.0000
2002-08-02,46.8500,48.8300,43.8000,44.4100,14.7817,253332600,0.0000
2002-07-26,48.9500,49.9900,41.4100,45.3500,15.0945,418694300,0.0000
2002-07-19,51.3900,53.3000,48.0000,49.5600,16.4958,267876000,0.0000
2002-07-12,54.4100,54.9300,51.2500,51.8600,17.2614,232217200,0.0000
2002-07-05,54.1200,54.9000,50.4500,54.8500,18.2566,132949100,0.0000
2002-06-28,52.0900,55.7900,51.0500,54.7000,18.2067,243023900,0.0000
2002-06-21,55.6600,56.4400,52.2800,52.2800,17.4012,228236600,0.0000
2002-06-14,51.6500,55.7800,51.4600,55.2500,18.3897,235798700,0.0000
2002-06-07,50.9900,52.6000,49.1700,51.9800,17.3013,209977300,0.0000
2002-05-31,53.5900,53.6900,50.8800,50.9100,16.9452,112338100,0.0000
2002-05-24,55.5000,55.5500,51.8500,53.2600,17.7274,128400000,0.0000
2002-05-17,50.4500,56.4400,49.7500,56.0300,18.6493,154058000,0.0000
2002-05-10,49.4400,55.0000,48.3500,50.0500,16.6589,201811900,0.0000
2002-05-03,51.4700,54.0700,49.5100,49.5600,16.4958,187340100,0.0000
2002-04-26,56.5200,56.7000,51.4600,51.5000,17.1415,150517000,0.0000
2002-04-19,56.0000,58.2800,52.6800,57.2000,19.0388,166766200,0.0000
2002-04-12,54.3000,57.4300,54.2600,55.9300,18.6161,161451200,0.0000
2002-04-05,59.8300,60.4000,55.4200,55.8700,18.5961,156190300,0.0000
2002-03-28,60.4800,60.9200,58.3100,60.3100,20.0739,104164600,0.0000
2002-03-22,62.7400,63.0000,59.8300,60.4500,20.1205,115686600,0.0000
2002-03-15,63.5100,65.0000,60.9700,62.4900,20.7995,137709600,0.0000
2002-03-08,61.2400,64.7000,60.8700,63.9500,21.2855,148003500,0.0000
2002-03-01,57.9400,61.4200,57.8900,61.3700,20.4267,155521000,0.0000
2002-02-22,59.9100,60.3600,57.1500,57.9900,19.3017,116750400,0.0000
2002-02-15,60.0100,62.9900,59.5900,60.2300,20.0473,128744400,0.0000
2002-02-08,62.4000,62.6900,58.8300,60.6500,20.1871,163890500,0.0000
2002-02-01,64.2300,64.5000,61.3300,62.6600,20.8561,149708200,0.0000
2002-01-25,66.6100,66.6300,63.2400,63.8000,21.2355,145053700,0.0000
2002-01-18,68.3000,70.0000,65.4200,66.1000,22.0011,179884500,0.0000
2002-01-11,69.7500,70.6200,68.0000,68.6100,22.8365,152919500,0.0000
2002-01-04,67.8400,69.9100,65.5100,68.9000,22.9331,105726200,0.0000
2001-12-28,67.7200,69.0700,67.2000,67.8700,22.5902,51111700,0.0000
2001-12-21,67.1700,69.8900,66.6200,67.5400,22.4804,162111900,0.0000
2001-12-14,67.5200,68.4500,65.9300,67.4400,22.4471,118407000,0.0000
2001-12-07,63.8300,69.0000,63.8000,67.8300,22.5769,135410800,0.0000
2001-11-30,64.9900,65.7100,62.7300,64.2100,21.3720,144803900,0.0000
2001-11-23,66.2500,67.8000,63.4800,64.7100,21.5384,94233300,0.0000
2001-11-16,64.7000,68.3400,63.6500,65.7500,21.8846,171854500,0.0000
2001-11-09,61.8600,66.0600,61.7500,65.2100,21.7049,158077000,0.0000
2001-11-02,62.1000,63.0200,58.1000,61.4000,20.4367,185128100,0.0000
2001-10-26,57.9000,63.6300,57.4700,62.2000,20.7030,185808800,0.0000
2001-10-19,55.9000,59.3000,55.5000,57.9000,19.2718,188942100,0.0000
2001-10-12,56.8000,58.6500,53.0000,56.3800,18.7658,196741100,0.0000
2001-10-05,50.9400,58.4000,50.4100,57.7200,19.2118,215341000,0.0000
2001-09-28,50.6500,53.0000,48.0000,51.1700,17.0317,213438800,0.0000
2001-09-21,54.0200,55.1000,47.5000,49.7100,16.5458,320297300,0.0000
2001-09-10,54.9200,57.9500,54.7000,57.5800,19.1653,42235900,0.0000
2001-09-07,57.1900,59.0800,55.3100,55.4000,18.4396,179440200,0.0000
2001-08-31,61.9000,63.3600,56.3000,57.0500,18.9888,147844200,0.0000
2001-08-24,61.6600,63.2000,59.0000,62.0500,20.6531,144401200,0.0000
2001-08-17,65.2400,66.0900,61.5000,61.8800,20.5965,102399700,0.0000
2001-08-10,66.5300,67.2400,62.9000,65.5200,21.8080,105734200,0.0000
2001-08-03,65.6500,67.5400,65.5400,66.8900,22.2640,127182900,0.0000
2001-07-27,69.2400,69.2400,65.0500,65.4700,21.7914,182482500,0.0000
2001-07-20,71.4500,73.0000,67.9400,69.1800,23.0263,188787800,0.0000
2001-07-13,66.2000,72.0500,64.2000,71.3400,23.7452,196937200,0.0000
2001-07-06,72.0500,73.1500,65.6700,66.0600,21.9878,108779000,0.0000
2001-06-29,69.1000,76.1500,67.7000,73.0000,24.2977,202375900,0.0000
2001-06-22,67.9500,70.6100,66.0100,68.8300,22.9098,152554200,0.0000
2001-06-15,72.8500,72.8500,66.4000,68.0200,22.6402,174844700,0.0000
2001-06-08,70.5500,73.7500,69.8000,73.1900,24.3610,166020300,0.0000
2001-06-01,70.8000,71.7500,68.4000,70.3400,23.4124,142991400,0.0000
2001-05-25,68.0500,71.9000,67.7500,70.9100,23.6021,207056900,0.0000
2001-05-18,69.1300,70.1400,67.2500,68.0900,22.6635,197918800,0.0000
2001-05-11,70.8300,72.1500,68.6500,69.4000,23.0995,188290100,0.0000
2001-05-04,68.5300,71.1500,67.6000,70.7500,23.5488,218373600,0.0000
2001-04-27,68.1100,71.0000,66.2100,67.1200,22.3406,249200900,0.0000
2001-04-20,61.4000,71.1000,60.0400,69.0000,22.9663,329999100,0.0000
2001-04-12,56.5700,62.3100,55.6600,62.1800,20.6963,181447300,0.0000
2001-04-06,54.8100,57.3800,51.0600,56.1900,18.7026,240072100,0.0000
2001-03-30,57.1300,58.5600,53.8800,54.6900,18.2033,207561200,0.0000
2001-03-23,54.5000,57.0000,49.7500,56.5600,18.8257,251865300,0.0000
2001-03-16,54.6900,56.0800,51.6300,54.5600,18.1601,240292500,0.0000
2001-03-09,57.2500,61.1300,54.8800,56.6900,18.8690,167164700,0.0000
2001-03-02,57.6300,61.1900,56.2500,56.6900,18.8690,216638100,0.0000
2001-02-23,57.3800,58.2500,53.8800,56.7500,18.8890,159057500,0.0000
2001-02-16,58.8100,61.0600,56.1300,57.3100,19.0754,170837300,0.0000
2001-02-09,60.7500,65.0600,58.5000,59.1300,19.6812,231259700,0.0000
2001-02-02,63.5600,64.7500,60.3800,60.8100,20.2403,183526100,0.0000
2001-01-26,60.7500,64.3100,58.9400,64.0000,21.3021,218080300,0.0000
2001-01-19,53.3800,61.4400,51.1300,61.0000,20.3036,230222100,0.0000
2001-01-12,48.9400,55.7500,46.6900,53.5000,17.8072,230290000,0.0000
2001-01-05,44.1300,50.5000,42.8800,49.1300,16.3527,212093500,0.0000
2000-12-29,46.8800,48.5600,43.0000,43.3800,14.4388,156771100,0.0000
2000-12-22,49.0000,50.0000,40.3100,46.4400,15.4574,324610900,0.0000
2000-12-15,55.5000,60.5000,47.7500,49.1900,16.3727,222571900,0.0000
2000-12-08,57.2500,60.5000,52.2500,54.4400,18.1201,269475300,0.0000
2000-12-01,71.4400,72.2500,56.0600,56.6300,18.8490,309022400,0.0000
2000-11-24,68.1200,70.4400,65.5600,69.9400,23.2792,125213600,0.0000
2000-11-17,66.6900,71.5000,64.4100,69.0600,22.9863,213329900,0.0000
2000-11-10,68.6900,72.3700,66.8100,67.3700,22.4238,285067500,0.0000
2000-11-03,67.5000,70.8400,67.3700,68.2500,22.7167,221268600,0.0000
2000-10-27,64.6200,69.1900,60.1900,67.6900,22.5303,343160300,0.0000
2000-10-20,53.5000,66.1200,48.4400,65.1900,21.6982,364471900,0.0000
2000-10-13,55.6300,56.9400,52.1300,53.7500,17.8905,208168200,0.0000
2000-10-06,60.5000,60.8100,54.5000,55.5600,18.4929,211641600,0.0000
2000-09-29,63.2500,65.8700,58.6300,60.3100,20.0739,220879300,0.0000
2000-09-22,64.2500,65.7500,61.0000,63.2500,21.0525,174784600,0.0000
2000-09-15,69.1200,69.6900,63.3100,64.1900,21.3654,157219700,0.0000
2000-09-08,70.0000,72.0600,69.1900,69.3100,23.0695,141068400,0.0000
2000-09-01,70.1900,72.7500,69.6900,70.1900,23.3624,139762900,0.0000
2000-08-25,70.6900,72.4400,69.9400,70.6200,23.5056,110204700,0.0000
2000-08-18,72.3100,73.3700,70.0000,71.0000,23.6320,114834500,0.0000
2000-08-11,70.1900,74.8700,69.7500,72.4400,24.1113,169670900,0.0000
2000-08-04,70.1900,71.1200,68.1200,69.1200,23.0063,129183700,0.0000
2000-07-28,72.0600,72.1200,67.2500,69.6900,23.1960,177871000,0.0000
2000-07-21,78.2500,79.5600,71.8700,72.3100,24.0681,187662900,0.0000
2000-07-14,80.6900,81.3100,77.1900,78.9400,26.2748,140124300,0.0000
2000-07-07,79.6900,82.8700,78.2500,82.0000,27.2933,76292800,0.0000
2000-06-30,77.5000,80.1200,76.6900,80.0000,26.6276,103811400,0.0000
2000-06-23,72.5600,82.1900,72.0000,77.6900,25.8588,203203100,0.0000
2000-06-16,69.0000,73.1200,66.1200,72.5600,24.1513,153922700,0.0000
2000-06-09,66.0200,72.1200,66.0000,68.8100,22.9031,185102700,0.0000
2000-06-02,62.4400,66.7500,62.0000,66.3100,22.0710,149237500,0.0000
2000-05-26,65.1200,66.5600,60.3800,61.4400,20.4500,181785700,0.0000
2000-05-19,69.0000,70.6200,64.5000,65.0600,21.6549,127885300,0.0000
2000-05-12,70.9400,71.3700,65.7500,68.8100,22.9031,130491400,0.0000
2000-05-05,72.8700,74.0000,68.8100,71.1200,23.6720,170300700,0.0000
2000-04-28,67.2500,71.1200,65.0000,69.7500,23.2160,368003400,0.0000
2000-04-20,74.2500,81.9400,73.0000,78.9400,26.2748,158834800,0.0000
2000-04-14,88.6200,88.6200,73.2500,74.1200,24.6705,265592500,0.0000
2000-04-07,94.4400,96.5000,84.9400,89.0600,29.6432,336642600,0.0000
2000-03-31,107.7700,108.9400,102.3700,106.2500,35.3648,192686000,0.0000
2000-03-24,98.7500,115.0000,96.5000,111.6900,37.1755,241909200,0.0000
2000-03-17,97.6200,100.2500,93.2500,99.3700,33.0749,173495700,0.0000
2000-03-10,96.0000,102.5000,90.1200,101.0000,33.6174,248374100,0.0000
2000-03-03,90.2500,98.8700,88.1200,96.1200,31.9931,224913400,0.0000
2000-02-25,95.1200,97.1200,90.5000,91.3100,30.3921,138589000,0.0000
2000-02-18,101.2300,101.7500,94.8700,95.0600,31.6403,188332600,0.0000
2000-02-11,106.8100,110.0000,99.1200,99.9400,33.2646,160705800,0.0000
2000-02-04,97.6200,108.0000,94.8700,106.5600,35.4680,148928900,0.0000
2000-01-28,103.8000,105.6900,97.2500,98.2500,32.7021,147333000,0.0000
2000-01-21,111.8100,116.5000,103.2500,103.7500,34.5327,151908900,0.0000
2000-01-14,113.4400,114.2500,101.5000,112.2500,37.3619,157400000,0.0000
